Q1092,Star Trek,Q196600,media franchise
Q10134,Klingon language,Q2623733,fictional language
Q16276,Jean-Luc Picard,Q15632617,fictional human
Q20080,USS Voyager,Q14637321,fictional spacecraft
Q20082,USS Defiant,Q14637321,fictional spacecraft
Q20963,The Counter-Clock Incident,Q1983062,episode
Q23000,Zefram Cochrane,Q15632617,fictional human
Q25366,Where No Man Has Gone Before,Q1983062,episode
Q34359,Doctor,Q1226311,Emergency Medical Hologram
Q54259,Klingon,Q1700422,extraterrestrial from Star Trek
Q55191,Katherine Pulaski,Q95074,fictional character
Q125917,Q2,Q1983062,episode
Q222929,Deep Space Nine,Q18572946,fictional space station
Q241218,Star Trek V: The Final Frontier,Q11424,film
Q305387,Kathryn Janeway,Q95074,fictional character
Q380519,Star Trek: Enterprise,Q5398426,television series
Q388319,Star Trek: Nemesis,Q11424,film
Q426144,Kahless,Q6619679,fictional humanoid
Q426790,The Omega Glory,Q1983062,episode
Q471842,Star Trek IV: The Voyage Home,Q11424,film
Q471896,In the Pale Moonlight,Q1983062,episode
Q520622,Patterns of Force,Q1983062,episode
Q546404,Benjamin Sisko,Q15632617,fictional human
Q606202,Hikaru Sulu,Q95074,fictional character
Q610142,Season 3 of Star Trek: Enterprise,Q3464665,television season
Q629953,Ro Laren,Q95074,fictional character
Q664160,Season 2 of Star Trek: Enterprise,Q3464665,television season
Q673198,Star Trek: Insurrection,Q11424,film
Q722293,The Best of Both Worlds,Q1137046,Star Trek: The Next Generation episode
Q744652,The Andorian Incident,Q1983062,episode
Q752877,William Riker,Q15632617,fictional human
Q774719,Jadzia Dax,Q95074,fictional character
Q796793,All Good Things...,Q1137046,Star Trek: The Next Generation episode
Q826155,Worf,Q95074,fictional character
Q833830,List of Star Trek planets,Q13406463,Wikimedia list article
Q897951,Message in a Bottle,Q1983062,episode
Q965598,Weyoun,Q95074,fictional character
Q981113,What Are Little Girls Made Of?,Q1983062,episode
Q1016685,The Cloud,Q1983062,episode
Q1027348,The Expanse,Q1983062,episode
Q1027877,Crossfire,Q1983062,episode
Q1048019,LCARS,,
Q1058477,The Neutral Zone,Q1983062,episode
Q1065663,Xindi,,
Q1092502,Return to Grace,Q1983062,episode
Q1093269,The Omega Directive,Q15053464,fictional material
Q1102217,Star Trek,Q196600,media franchise
Q1136071,The Doomsday Machine,Q1983062,episode
Q1136084,The Trouble With Tribbles,Q1983062,episode
Q1186751,Dilithium,Q15053464,fictional material
Q1193849,USS Enterprise,Q989888,Starship Enterprise
Q1315662,T'Pol,Q95074,fictional character
Q1315800,The Devil in the Dark,Q1983062,episode
Q1318512,List of Star Trek planets,Q13406463,Wikimedia list article
Q1392472,Skin of Evil,Q1983062,episode
Q1412516,Samantha Wildman,Q95074,fictional character
Q1709306,Gorn,Q15707583,fictional taxon
Q1847020,Carbon Creek,Q1983062,episode
Q1916626,The Seventh,Q1983062,episode
Q1928841,History of Star Trek games,Q13406463,Wikimedia list article
Q1962970,Replicator,,
Q2004297,The Crossing,Q1983062,episode
Q2020365,Miles O'Brien,Q95074,fictional character
Q2069486,holodeck,Q1055307,fictional technology
Q2139300,Cold Front,Q1983062,episode
Q2153354,Anomaly,Q1983062,episode
Q2171485,Ezri Dax,Q95074,fictional character
Q2248682,USS Enterprise,Q989888,Starship Enterprise
Q2313211,Oasis,Q1983062,episode
Q2319447,Lists of Star Trek spacecraft,Q13406463,Wikimedia list article
Q2332178,Technology in Star Trek,,
Q2332522,Star Trek fan productions,,
Q2342342,The Catwalk,Q1983062,episode
Q2390392,Fortunate Son,Q1983062,episode
Q2406293,The Conscience of the King,Q1983062,episode
Q2573029,Thy'lek Shran,Q95074,fictional character
Q2623814,List of recurring Star Trek: Deep Space Nine characters,Q13406463,Wikimedia list article
Q2631797,Malcolm Reed,Q95074,fictional character
Q2787702,Acquisition,Q1983062,episode
Q2915551,The Inner Light,Q1983062,episode
Q2984478,The Naked Time,Q1983062,episode
Q2996346,North Star,Q1983062,episode
Q3177080,Déjà Q,Q1983062,episode
Q3204716,Stratagem,Q1983062,episode
Q3280032,Conspiracy,Q1983062,episode
Q3441834,Coming of Age,Q1983062,episode
Q3441887,"Elementary, Dear Data",Q1983062,episode
Q3441896,The Schizoid Man,Q1983062,episode
Q3441900,Unnatural Selection,Q1983062,episode
Q3444409,The Royale,Q1983062,episode
Q3444506,A Matter of Honor,Q1983062,episode
Q3445450,When the Bough Breaks,Q1983062,episode
Q3465791,Season 1 of Star Trek: Voyager,Q3464665,television season
Q3468578,season 2 of Star Trek,Q3464665,television season
Q3468582,Season 2 of Star Trek: Voyager,Q3464665,television season
Q3468783,season 3 of Star Trek,Q3464665,television season
Q3468790,Star Trek: The Next Generation,Q3464665,television season
Q3487137,Wolf in the Fold,Q1983062,episode
Q3487169,A Private Little War,Q1983062,episode
Q3487385,Spectre of the Gun,Q1983062,episode
Q3487409,The Empath,Q1983062,episode
Q3487421,The Squire of Gothos,Q1983062,episode
Q3487430,The Return of the Archons,Q1983062,episode
Q3487499,Assignment: Earth,Q1983062,episode
Q3488439,Day of the Dove,Q1983062,episode
Q3488474,The Immunity Syndrome,Q1983062,episode
Q3488808,Wink of an Eye,Q1983062,episode
Q3488820,Spock's Brain,Q1983062,episode
Q3488835,The Ultimate Computer,Q1983062,episode
Q3488866,Elaan of Troyius,Q1983062,episode
Q3492749,Phoenix,Q15416,television program
Q3493053,List of characters in Star Trek: The Next Generation,Q13406463,Wikimedia list article
Q3496188,The Offspring,Q1983062,episode
Q3496990,Star Trek: Starfleet Academy Starship Bridge Simulator,Q7889,video game
Q3496992,Star Trek,Q7889,video game
Q3499742,Yesteryear,Q1983062,episode
Q3500963,Star Trek canon,,
Q3506608,Requiem for Methuselah,Q1983062,episode
Q3506645,Peak Performance,Q1983062,episode
Q3506721,The Lights of Zetar,Q1983062,episode
Q3507014,The Mark of Gideon,Q1983062,episode
Q3507065,The Way to Eden,Q1983062,episode
Q3514952,Darkling,Q1983062,episode
Q3542320,Turist Ömer,,
Q3549975,Unimatrix Zero,Q1983062,episode
Q3562193,Let That Be Your Last Battlefield,Q1983062,episode
Q3615297,Doctor's Orders,Q1983062,episode
Q3730030,season 5 of Star Trek: Voyager,Q3464665,television season
Q3730033,Season 7 of Star Trek: Voyager,Q3464665,television season
Q3776914,,Q95074,fictional character
Q3784904,Henry Archer,Q5,human
Q3824662,Star Trek: Starship Creator,Q7889,video game
Q3825285,Vulcan nerve pinch,,
Q3968313,Star Trek: 25th Anniversary,Q7889,video game
Q3968314,Star Trek: Intrepid,Q11424,film
Q3968317,Star Trek: Starfleet Command II: Empires at War,Q7889,video game
Q3968320,Star Trek: The Next Generation: Klingon Honor Guard,Q7889,video game
Q4063649,List of Star Trek planets,Q13406463,Wikimedia list article
Q4545107,...Nor the Battle to the Strong,Q1983062,episode
Q4547735,11:59,Q1983062,episode
Q4658168,A Matter of Time,Q1983062,episode
Q4747498,Amok Time,Q1983062,episode
Q4782889,Aquiel,Q1983062,episode
Q4849966,Balance of Power,Q571,book
Q4925626,Blaze of Glory,Q1983062,episode
Q4927657,Blood Oath,Q1983062,episode
Q4927975,Bloodlines,Q1983062,episode
Q4944660,Borderland,Q1983062,episode
Q5038249,Cardassians,Q1983062,episode
Q5106979,Plato's Stepchildren,Q1983062,episode
Q5142384,Cold Station 12,Q1983062,episode
Q5166046,Conundrum,Q1983062,episode
Q5188759,Crossover,Q1983062,episode
Q5223330,Dark Mirror,Q571,book
Q5230255,Extinction,Q1983062,episode
Q5242724,Dax,Q1983062,episode
Q5242932,Day of Honor,Q1983062,episode
Q5256284,Demons,Q1983062,episode
Q5265257,Destiny,Q1983062,episode
Q5282901,Distant Origin,Q1983062,episode
Q5305068,Dragon's Teeth,Q1983062,episode
Q5306756,Dreams of the Raven,Q571,book
Q5370534,Emergence,Q1983062,episode
Q5374391,Empok Nor,Q1983062,episode
Q5376099,Endgame,Q1983062,episode
Q5380005,Ensign Ro,Q1983062,episode
Q5421397,Explorers,Q1983062,episode
Q5422685,Eye of the Beholder,Q1983062,episode
Q5428534,Facets,Q1983062,episode
Q5438625,Favorite Son,Q1983062,episode
Q5440727,Federation Council,Q15238535,fictional government or government body
Q5452876,First Contact,Q1983062,episode
Q5519638,Gambit,Q1983062,episode
Q5918105,How Sharper Than a Serpent's Tooth,Q1983062,episode
Q6002452,Imaginary Friend,Q1983062,episode
Q6006311,Imperfection,Q1983062,episode
Q6080488,Ishmael,Q571,book
Q6284677,Category:Ships of Star Trek named Enterprise,Q4167836,Wikimedia category
Q6414725,Kir'Shara,Q1983062,episode
Q6598238,List of Star Trek composers and music,Q13406463,Wikimedia list article
Q6598243,List of Star Trek planets,Q13406463,Wikimedia list article
Q6598246,List of Star Trek reference books,Q13406463,Wikimedia list article
Q6725235,Macrocosm,Q1983062,episode
Q6746424,Man of the People,Q1983062,episode
Q6812079,Meld,Q1983062,episode
Q6926483,Move Along Home,Q1983062,episode
Q6931590,Mudd's Passion,Q1983062,episode
Q6991120,Nemesis,Q1983062,episode
Q7092425,One,Q1983062,episode
Q7093205,One Small Step,Q1983062,episode
Q7134227,Paradise,Q1983062,episode
Q7140870,Parturition,Q1983062,episode
Q7162099,Pen Pals,Q1983062,episode
Q7236386,Power Play,Q1983062,episode
Q7242454,Prey,Q1983062,episode
Q7243252,Prime Directive,Q571,book
Q7243264,Prime Factors,Q1983062,episode
Q7248297,Profit and Lace,Q1983062,episode
Q7252175,Prototype,Q1983062,episode
Q7311642,Remember,Q1983062,episode
Q7311668,Remember Me,Q1983062,episode
Q7314269,Repression,Q1983062,episode
Q7315597,Resistance,Q571,book
Q7397363,Sacrifice of Angels,Q1983062,episode
Q7415701,Sanctuary,Q1983062,episode
Q7417586,Rura Penthe,Q4167410,Wikimedia disambiguation page
Q7423845,Sarek,Q1983062,episode
Q7460439,Shadow,Q571,book
Q7460758,Shadowplay,Q1983062,episode
Q7466478,Category:Star Trek organizations,Q4167836,Wikimedia category
Q7468618,Category:Star Trek politics,Q4167836,Wikimedia category
Q7499937,Shockwave,Q571,book
Q7525019,Sins of the Father,Q1983062,episode
Q7557432,Soldiers of the Empire,Q1983062,episode
Q7562328,Sons of Mogh,Q1983062,episode
Q7600953,Star Trek: 25th Anniversary,Q7889,video game
Q7600954,Star Trek: 25th Anniversary,Q4167410,Wikimedia disambiguation page
Q7600956,Star Trek: Away Team,Q7889,video game
Q7600973,Star Trek: Early Voyages,Q3297186,limited series
Q7600989,Star Trek: Phoenix,Q11424,film
Q7601000,Star Trek: Tactical Assault,Q7889,video game
Q7601013,Star Trek: The Next Generation/Doctor Who: Assimilation2,Q3297186,limited series
Q7601014,Star Trek: The Next Generation: A World For All Seasons,Q7889,video game
Q7601016,Star Trek: The Next Generation,Q653928,pinball
Q7601020,Star Trek: The Next Generation Technical Manual,Q571,book
Q7601027,Star Trek: Voyager – The Arcade Game,Q7889,video game
Q7601040,Star Trek Generations,Q7889,video game
Q7601043,Star Trek Magazine,Q41298,magazine
Q7601050,Star Trek crossovers,,
Q7602415,Starship Down,Q1983062,episode
Q7603745,State of Flux,Q1983062,episode
Q7604375,Statistical Probabilities,Q1983062,episode
Q7630674,Sub Rosa,Q1983062,episode
Q7647331,Survivors,Q571,book
Q7649264,Suspicions,Q1983062,episode
Q7677716,Take Me Out to the Holosuite,Q1983062,episode
Q7703141,Terra Prime,Q1983062,episode
Q7711875,The 37's,Q1983062,episode
Q7712075,The Abandoned,Q1983062,episode
Q7714639,The Ascent,Q1983062,episode
Q7714714,The Assignment,Q1983062,episode
Q7725047,Category:Novels based on Star Trek,Q4167836,Wikimedia category
Q7725049,Category:Star Trek species,Q4167836,Wikimedia category
Q7725050,Category:Star Trek devices,Q4167836,Wikimedia category
Q7726666,The Collaborator,Q1983062,episode
Q7727741,The Council,Q1983062,episode
Q7730324,The Disease,Q1983062,episode
Q7735700,The Game,Q1983062,episode
Q7739598,The High Ground,Q1983062,episode
Q7741062,The Hunted,Q1983062,episode
Q7750621,The Masterpiece Society,Q1983062,episode
Q7751507,The Mind's Eye,Q1983062,episode
Q7752695,The Muse,Q1983062,episode
Q7755633,The Outcast,Q1983062,episode
Q7757264,The Pirates of Orion,Q1983062,episode
Q7758878,The Quality of Life,Q1983062,episode
Q7766287,The Star Trek Encyclopedia,Q571,book
Q7767762,The Sword of Kahless,Q1983062,episode
Q7772167,The Vengeance Factor,Q1983062,episode
Q7775217,The Wire,Q1983062,episode
Q7798098,Threshold,Q1983062,episode
Q7806584,Timescape,Q1983062,episode
Q7808311,"Tinker, Tenor, Doctor, Spy",Q1983062,episode
Q7850228,Tsunkatse,Q1983062,episode
Q7857147,Tuvix,Q1983062,episode
Q7888407,Demora Sulu,Q95074,fictional character
Q7935331,Vis à Vis,Q1983062,episode
Q7961167,Waking Moments,Q1983062,episode
Q8303511,Category:Board games based on Star Trek,Q4167836,Wikimedia category
Q8304716,Template:Star Trek: The Original Series,Q11266439,Wikimedia template
Q8305334,Template:Star Trek: The Animated Series,Q11266439,Wikimedia template
Q8305426,Category:Book-Class Star Trek articles,Q4167836,Wikimedia category
Q8435632,Category:FA-Class Star Trek articles,Q4167836,Wikimedia category
Q8440793,Category:FL-Class Star Trek articles,Q4167836,Wikimedia category
Q8443195,Category:Fan films based on Star Trek,Q4167836,Wikimedia category
Q8450545,Category:File-Class Star Trek articles,Q4167836,Wikimedia category
Q8452267,Category:Films based on Star Trek,Q4167836,Wikimedia category
Q8478390,Category:GA-Class Star Trek articles,Q4167836,Wikimedia category
Q8480484,Category:Games based on Star Trek,Q4167836,Wikimedia category
Q8563741,Flesh and Blood,Q1983062,episode
Q8593997,Category:List-Class Star Trek articles,Q4167836,Wikimedia category
Q8635091,Category:Mirror Universe (Star Trek) episodes,Q4167836,Wikimedia category
Q8672898,Category:Role-playing games based on Star Trek,Q4167836,Wikimedia category
Q8687017,Category:Novels based on Star Trek: Deep Space Nine,Q4167836,Wikimedia category
Q8687021,Category:Novels based on Star Trek: The Next Generation,Q4167836,Wikimedia category
Q8810440,Category:Star Trek: Deep Space Nine episodes,Q4167836,Wikimedia category
Q8810471,Category:Star Trek: The Original Series episodes,Q4167836,Wikimedia category
Q8810475,Category:Star Trek: Voyager,Q4167836,Wikimedia category
Q8810481,Category:Star Trek (film franchise) characters,Q4167836,Wikimedia category
Q8810488,Category:Star Trek articles needing images,Q4167836,Wikimedia category
Q8810492,Category:Star Trek book covers,Q4167836,Wikimedia category
Q8810510,Category:Star Trek lists,Q4167836,Wikimedia category
Q8810521,Category:Star Trek portal,Q4167836,Wikimedia category
Q8810522,Category:Star Trek ranks and insignia,Q4167836,Wikimedia category
Q8812895,Category:Start-Class Star Trek articles,Q4167836,Wikimedia category
Q8841174,Category:Template-Class Star Trek articles,Q4167836,Wikimedia category
Q8887608,Category:Unofficial works based on Star Trek,Q4167836,Wikimedia category
Q8945714,Category:Wikipedians who like Star Trek: Enterprise,Q4167836,Wikimedia category
Q8945717,Category:Wikipedians who like Star Trek: The Next Generation,Q4167836,Wikimedia category
Q9027429,,Q4167836,Wikimedia category
Q9108122,Tuvok,Q95074,fictional character
Q9208063,,Q4167836,Wikimedia category
Q9258465,,Q4167836,Wikimedia category
Q9297832,Star Trek uniforms,,
Q9924080,,Q4167836,Wikimedia category
Q9924085,,Q4167836,Wikimedia category
Q10020227,Category:Star Trek space machines,Q4167836,Wikimedia category
Q11863377,The House of Quark,Q1983062,episode
Q12031611,The Circle,Q1983062,episode
Q12041709,The Homecoming,Q1983062,episode
Q13115914,Investigations,Q1983062,episode
Q13272646,Category:Novels based on the Mirror Universe (Star Trek),Q4167836,Wikimedia category
Q13301703,Category:Video games based on Star Trek: Voyager,Q4167836,Wikimedia category
Q13403516,Virtuoso,Q1983062,episode
Q13517534,,Q4167836,Wikimedia category
Q13517568,,Q4167836,Wikimedia category
Q13639300,Jetrel,Q1983062,episode
Q14045941,Brothers,Q1983062,episode
Q14411048,Template:Star Trek DS9 S7,Q11266439,Wikimedia template
Q14411049,Template:Star Trek TNG S2,Q11266439,Wikimedia template
Q14411050,Template:Star Trek TNG S3,Q11266439,Wikimedia template
Q14411055,Template:Star Trek TNG S7,Q11266439,Wikimedia template
Q14411674,Template:Star Trek TOS S2,Q11266439,Wikimedia template
Q14905899,,Q95074,fictional character
Q14906556,,Q95074,fictional character
Q14907225,,Q95074,fictional character
Q15080117,Template:Star Trek Q stories,Q11266439,Wikimedia template
Q15116675,Template:Star Trek reboot series,Q11266439,Wikimedia template
Q15129621,Category:Video games based on Star Trek: Deep Space Nine,Q4167836,Wikimedia category
Q15256857,Category:FM-Class Star Trek articles,Q4167836,Wikimedia category
Q15876107,,Q15632617,fictional human
Q15882750,,Q1983062,episode
Q16385914,Harbinger,Q571,book
Q16743891,"I, Borg",Q1983062,episode
Q16744047,Half a Life,Q1983062,episode
Q16744174,His Way,Q1983062,episode
Q16744191,Natural Law,Q1983062,episode
Q16953491,The 34th Rule,Q571,book
Q17655641,Press conference to be held Thursday on new 'Star Trek 11' movie,Q17633526,Wikinews article
Q17657705,Harlan Ellison sues CBS-Paramount,Q17633526,Wikinews article
Q17874394,,Q17633526,Wikinews article
Q18043309,Star Trek,Q559618,fictional universe
Q18148973,Star Trek Continues,,
Q18348310,List of accolades received by Star Trek,Q13406463,Wikimedia list article
Q18754958,Star Trek: The God Thing,Q11424,film
Q19363864,List of accolades received by Star Trek Into Darkness,Q13406463,Wikimedia list article
Q19591214,Shirley Maiewski,Q5,human
Q19755890,Owen Paris,Q15632617,fictional human
Q19757410,Joe Carey,Q15632617,fictional human
Q20365342,Template:Infobox Star Trek race,Q11266439,Wikimedia template
Q1110,United Federation of Planets,Q14623646,fictional organization
Q16345,Leonard Nimoy,Q5,human
Q20098,Tricorder,,
Q22992,Chang,Q95074,fictional character
Q23031,Khan Noonien Singh,Q15632617,fictional human
Q108774,Star Trek: Deep Space Nine,Q5398426,television series
Q220652,Borg,,
Q221236,Star Trek: First Contact,Q11424,film
Q221305,Star Trek III: The Search for Spock,Q11424,film
Q344471,Star Trek,Q4167410,Wikimedia disambiguation page
Q370412,Elogium,Q1983062,episode
Q385831,Pavel Chekov,Q95074,fictional character
Q390014,Descent,Q1983062,episode
Q442453,Scarlett Pomers,Q5,human
Q472718,Star Trek: Phase II,,
Q477752,Rules of Acquisition,,
Q502062,Star Trek: Phase II,Q15416,television program
Q563525,Michael Okuda,Q5,human
Q602046,Cogenitor,Q1983062,episode
Q616755,Uhura,Q95074,fictional character
Q625731,Deanna Troi,Q6623809,fictional humanoid extraterrestrial
Q627820,Reginald Barclay,Q15632617,fictional human
Q646696,Star Trek: Legacy,Q7889,video game
Q678656,Star Trek: Armada II,Q7889,video game
Q722470,Yesterday's Enterprise,Q1983062,episode
Q747598,season 1 of Star Trek,Q3464665,television season
Q766141,Chakotay,Q15632617,fictional human
Q771940,Bat'leth,,
Q779234,Breen,Q1700422,extraterrestrial from Star Trek
Q794335,Beverly Crusher,Q95074,fictional character
Q832891,List of Starfleet starships ordered by class,Q13406463,Wikimedia list article
Q855448,List of Star Trek: Voyager episodes,Q13406463,Wikimedia list article
Q861673,First Flight,Q1983062,episode
Q861686,Bounty,Q1983062,episode
Q891149,Prime Directive,Q15416,television program
Q923148,Class M planet,Q15831596,fictional class
Q926323,Miri,Q1983062,episode
Q1051324,USS Enterprise,Q989888,Starship Enterprise
Q1070917,Maquis,Q15416,television program
Q1077950,Naomi Wildman,Q95074,fictional character
Q1082886,USS Excelsior,Q18533645,spacecraft in Star Trek
Q1087392,Phaser,Q15416,television program
Q1101459,Jonathan Archer,Q95074,fictional character
Q1102231,Hide and Q,Q1983062,episode
Q1216129,Neelix,Q95074,fictional character
Q1249325,Risa,Q2775969,fictional planet
Q1262613,Stardate,Q15416,television program
Q1287667,The Man Trap,Q1983062,episode
Q1339961,List of Star Trek: Enterprise episodes,Q13406463,Wikimedia list article
Q1613623,List of minor recurring characters in Star Trek: Enterprise,Q13406463,Wikimedia list article
Q1653324,Cosmicolor,Q482994,album
Q1738641,The Firm,Q215380,band
Q1860938,Fusion,Q1983062,episode
Q1967172,Rogue Planet,Q1983062,episode
Q1975616,Unexpected,Q1983062,episode
Q1976840,Time and Again,Q1983062,episode
Q2048512,MACO,Q15416,television program
Q2086809,Shockwave,Q1983062,episode
Q2122661,Dear Doctor,Q1983062,episode
Q2133397,Fallen Hero,Q1983062,episode
Q2213032,Sleeping Dogs,Q1983062,episode
Q2253638,Shields,,
Q2296714,list of Star Trek: The Animated Series episodes,Q13406463,Wikimedia list article
Q2302286,Memory Alpha,Q1659605,asteroids in fiction
Q2332518,Star Trek: Hidden Frontier,Q11424,film
Q2343095,,Q95074,fictional character
Q2361967,Borgia,,
Q2402314,A Night in Sickbay,Q1983062,episode
Q2413772,Star Trek: The Experience,Q15416,television program
Q2469115,These Are the Voyages...,Q1983062,episode
Q2479673,,Q95074,fictional character
Q2518402,List of weapons in Star Trek,Q13406463,Wikimedia list article
Q2528593,Rajiin,Q1983062,episode
Q2606256,Awakening,Q1983062,episode
Q2646751,Exile,Q1983062,episode
Q2659593,Charlie X,Q1983062,episode
Q2674495,Stigma,Q1983062,episode
Q2707157,Janice Rand,Q95074,fictional character
Q2743075,Impulse,Q1983062,episode
Q2798685,The Forge,Q1983062,episode
Q2836506,Dark Page,Q1983062,episode
Q2955489,Dawn,Q1983062,episode
Q2984502,The Enemy Within,Q1983062,episode
Q3007223,Culture of Star Trek,,
Q3060753,Carpenter Street,Q1983062,episode
Q3178411,Balance of Terror,Q1983062,episode
Q3231795,Lonely Among Us,Q1983062,episode
Q3275517,Ambassador class,Q18039177,fictional spacecraft class
Q3342685,Nog,Q95074,fictional character
Q3435698,Where No One Has Gone Before,Q1983062,episode
Q3440554,Rom,Q95074,fictional character
Q3441864,Time Squared,Q1983062,episode
Q3441905,The Child,Q1983062,episode
Q3444361,Loud as a Whisper,Q1983062,episode
Q3444382,The Outrageous Okona,Q1983062,episode
Q3468901,Season 4 of Star Trek: The Next Generation,Q3464665,television season
Q3469077,Season 7 of Star Trek: The Next Generation,Q3464665,television season
Q3487115,By Any Other Name,Q1983062,episode
Q3487125,A Taste of Armageddon,Q1983062,episode
Q3487395,Shore Leave,Q1983062,episode
Q3487426,Friday's Child,Q1983062,episode
Q3488452,For the World Is Hollow and I Have Touched the Sky,Q1983062,episode
Q3488816,The Changeling,Q1983062,episode
Q3488859,Errand of Mercy,Q1983062,episode
Q3488875,The Deadly Years,Q1983062,episode
Q3496861,Shades of Gray,Q1137046,Star Trek: The Next Generation episode
Q3506683,The Savage Curtain,Q1983062,episode
Q3506698,The Cloud Minders,Q1983062,episode
Q3507037,The Measure of a Man,Q1983062,episode
Q3507056,Past Prologue,Q1983062,episode
Q3507140,Emissary,Q1983062,episode
Q3511657,Unforgettable,Q1983062,episode
Q3514957,Rise,Q1983062,episode
Q3535952,Home,Q1983062,episode
Q3685480,Communicator,,
Q3772804,Denobulan,Q15416,television program
Q3822426,The Physics of Star Trek,Q571,book
Q3885647,Organian,,
Q3966372,Species of Star Trek: The Next Generation,Q15416,television program
Q3968319,Star Trek: Starfleet Command: Orion Pirates,Q7889,video game
Q4002110,USS Intrepid,Q18533645,spacecraft in Star Trek
Q4246734,Cultural influence of Star Trek,,
Q4394453,List of actors in Star Trek,Q13406463,Wikimedia list article
Q4660181,A Time to Stand,Q1983062,episode
Q4676506,Across the Universe,Q571,book
Q4689014,Affliction,Q1983062,episode
Q4690723,Afterimage,Q1983062,episode
Q4725701,Alice,Q1983062,episode
Q4731367,Allegiance,Q1983062,episode
Q4732489,Alliances,Q1983062,episode
Q4736275,Alter Ego,Q1983062,episode
Q4780087,Apocalypse Rising,Q1983062,episode
Q4817884,Attached,Q1983062,episode
Q4832296,Azati Prime,Q1983062,episode
Q4837696,Babel One,Q1983062,episode
Q4840668,Badda-Bing Badda-Bang,Q1983062,episode
Q4857904,Bar Association,Q1983062,episode
Q4867063,Basics,Q1983062,episode
Q4870070,Battle Lines,Q1983062,episode
Q4880854,Behind the Lines,Q1983062,episode
Q4883696,Belle Terre,Q571,book
Q4926829,Bliss,Q1983062,episode
Q4927610,Blood Fever,Q1983062,episode
Q5001844,Business as Usual,Q1983062,episode
Q5036491,Captain's Holiday,Q1983062,episode
Q5053018,Cathexis,Q1983062,episode
Q5097656,Child's Play,Q1983062,episode
Q5098503,Children of Time,Q1983062,episode
Q5106989,The Tholian Web,Q1983062,episode
Q5146129,Collective,Q1983062,episode
Q5174778,Cost of Living,Q1983062,episode
Q5208164,Daedalus,Q571,book
Q5211882,Damage,Q1983062,episode
Q5224065,Darmok,Q1983062,episode
Q5227090,Data's Day,Q1983062,episode
Q5251542,Defiant,Q1983062,episode
Q5251718,Space Seed,Q1983062,episode
Q5251725,Journey to Babel,Q1983062,episode
Q5252917,Tomorrow Is Yesterday,Q1983062,episode
Q5282919,Distant Voices,Q1983062,episode
Q5306226,Dreadnought,Q1983062,episode
Q5308319,Drone,Q1983062,episode
Q5368979,Emanations,Q1983062,episode
Q5380278,Enterprise,Q4176708,soundtrack album
Q5403445,Ethics,Q1983062,episode
Q5419170,Ex Post Facto,Q1983062,episode
Q5429820,Fair Haven,Q1983062,episode
Q5429920,Fair Trade,Q1983062,episode
Q5434517,Far Beyond the Stars,Q1983062,episode
Q5444067,Ferengi Love Songs,Q1983062,episode
Q5449415,Final Mission,Q1983062,episode
Q5509836,Fury,Q1983062,episode
Q5510597,Future's End,Q1983062,episode
Q5881753,Hollow Pursuits,Q1983062,episode
Q6007716,Improbable Cause,Q1983062,episode
Q6010490,In Purgatory's Shadow,Q1983062,episode
Q6012254,In the Hands of the Prophets,Q1983062,episode
Q6035948,Innocence,Q1983062,episode
Q6037663,Inside Man,Q1983062,episode
Q6090638,It's Only a Paper Moon,Q1983062,episode
Q6229761,Category:Star Trek episodes,Q4167836,Wikimedia category
Q6510101,Learning Curve,Q1983062,episode
Q6517221,Legacy,Q1983062,episode
Q6528723,Template:Infobox Star Trek character,Q11266439,Wikimedia template
Q6532683,Let He Who Is Without Sin...,Q1983062,episode
Q6598239,List of Star Trek episodes,Q13406463,Wikimedia list article
Q6598245,List of Star Trek production staff,Q13406463,Wikimedia list article
Q6598247,List of Star Trek script writers,Q13406463,Wikimedia list article
Q6598248,List of Star Trek regions of space,Q13406463,Wikimedia list article
Q6598249,List of Star Trek technical manuals,Q13406463,Wikimedia list article
Q6606900,List of awards and nominations received by Star Trek: Voyager,Q13406463,Wikimedia list article
Q6611907,List of comic books based on Star Trek: The Next Generation,Q13406463,Wikimedia list article
Q6646814,lists of Star Trek planets,Q13406463,Wikimedia list article
Q6666057,Template:Star Trek races,Q11266439,Wikimedia template
Q6693437,Lower Decks,Q1983062,episode
Q6815335,Memorial,Q1983062,episode
Q6914361,Mortal Coil,Q1983062,episode
Q6950089,Ménage à Troi,Q1983062,episode
Q6952563,The Klingon Dictionary,Q571,book
Q7050346,Seven of Nine,Q95074,fictional character
Q7075484,Observer Effect,Q1983062,episode
Q7091852,Once Upon a Time,Q1983062,episode
Q7093540,One of Our Planets Is Missing,Q1983062,episode
Q7155418,Category:Star Trek,Q4167836,Wikimedia category
Q7170394,Persistence of Vision,Q1983062,episode
Q7248298,Profit and Loss,Q1983062,episode
Q7265274,Q-Less,Q1983062,episode
Q7268179,Qpid,Q1983062,episode
Q7290476,Category:Star Trek: The Original Series,Q4167836,Wikimedia category
Q7294741,Rascals,Q1983062,episode
Q7312433,Renaissance Man,Q1983062,episode
Q7313969,Repentance,Q1983062,episode
Q7315598,Resistance,Q1983062,episode
Q7317056,Retrospect,Q1983062,episode
Q7318993,Revulsion,Q1983062,episode
Q7332445,Riddles,Q1983062,episode
Q7341051,list of Star Trek characters (N–S),Q13406463,Wikimedia list article
Q7355570,Rocks and Shoals,Q1983062,episode
Q7364902,Category:WikiProject Star Trek,Q4167836,Wikimedia category
Q7397085,Sacred Ground,Q1983062,episode
Q7409230,list of Star Trek planets,Q13406463,Wikimedia list article
Q7433765,Scientific Method,Q1983062,episode
Q7443536,Second Sight,Q1983062,episode
Q7443548,Second Skin,Q1983062,episode
Q7460803,Shadows and Symbols,Q1983062,episode
Q7463732,Category:Star Trek governments,Q4167836,Wikimedia category
Q7471967,Category:Star Trek templates,Q4167836,Wikimedia category
Q7476824,Category:Star Trek articles by quality,Q4167836,Wikimedia category
Q7559720,Someone to Watch Over Me,Q1983062,episode
Q7562276,Sons and Daughters,Q1983062,episode
Q7577884,Spirit Folk,Q1983062,episode
Q7600961,Star Trek: Chains of Betrayal,Q11424,film
Q7600963,Star Trek: Conquest,Q7889,video game
Q7600968,Star Trek: Deep Space Nine: Harbinger,Q7889,video game
Q7600975,Star Trek: Encounters,Q7889,video game
Q7600978,Star Trek: Judgment Rites,Q7889,video game
Q7600998,Star Trek: Starship Creator Warp II,Q7889,video game
Q7601010,Star Trek: The Motion Picture,Q571,book
Q7601021,Star Trek: The Next Generation U.S.S. Enterprise NCC-1701-D Blueprints,Q571,book
Q7601023,Star Trek: The Promethean Prophecy,Q7889,video game
Q7601024,Star Trek: The Rebel Universe,Q7889,video game
Q7601034,Star Trek,Q1114502,American comic book
Q7601038,Star Trek Concordance,Q571,book
Q7601044,Star Trek Movie Memories,Q571,book
Q7602421,Starship Mine,Q1983062,episode
Q7712734,The Aenar,Q1983062,episode
Q7719097,The Bonding,Q1983062,episode
Q7730148,The Die Is Cast,Q1983062,episode
Q7731084,The Drumhead,Q1983062,episode
Q7733475,The Farther Shore,Q571,book
Q7734119,The First Duty,Q1983062,episode
Q7734822,The Forgotten,Q1983062,episode
Q7734869,The Forsaken,Q1983062,episode
Q7743259,The Jihad,Q1983062,episode
Q7752382,The Most Toys,Q1983062,episode
Q7753005,The Nagus,Q1983062,episode
Q7754466,The Nth Degree,Q1983062,episode
Q7756499,The Pegasus,Q1983062,episode
Q7763836,The Ship,Q1983062,episode
Q7764112,The Siege,Q1983062,episode
Q7767608,The Swarm,Q1983062,episode
Q7773130,The Voyager Conspiracy,Q1983062,episode
Q7784383,Things Past,Q1983062,episode
Q7801142,Ties of Blood and Water,Q1983062,episode
Q7803220,Tim Brazeal,Q5,human
Q7804777,Time's Orphan,Q1983062,episode
Q7811250,To the Death,Q1983062,episode
Q7858507,Twisted,Q1983062,episode
Q7887768,Vic Fontaine,Q95074,fictional character
Q7911634,Valiant,Q1983062,episode
Q7919602,Vendetta,Q571,book
Q7936219,Visionary,Q1983062,episode
Q7966822,Waltz,Q1983062,episode
Q8010281,Relativity,Q1983062,episode
Q8333323,Category:C-Class Star Trek articles,Q4167836,Wikimedia category
Q8392474,Category:Comics based on Star Trek,Q4167836,Wikimedia category
Q8627241,Category:Mid-importance Star Trek articles,Q4167836,Wikimedia category
Q8635089,Category:Mirror Universe (Star Trek),Q4167836,Wikimedia category
Q8660120,Category:NA-importance Star Trek articles,Q4167836,Wikimedia category
Q8687018,Category:Novels based on Star Trek: Enterprise,Q4167836,Wikimedia category
Q8810438,Category:Star Trek: Deep Space Nine,Q4167836,Wikimedia category
Q8810441,Category:Star Trek: Deep Space Nine images,Q4167836,Wikimedia category
Q8810461,Category:Star Trek: The Animated Series episodes,Q4167836,Wikimedia category
Q8810464,Category:Star Trek: The Next Generation episodes,Q4167836,Wikimedia category
Q8810466,Category:Star Trek: The Next Generation images,Q4167836,Wikimedia category
Q8810469,Category:Star Trek: The Original Series characters,Q4167836,Wikimedia category
Q8810476,Category:Star Trek: Voyager episodes,Q4167836,Wikimedia category
Q8810491,Category:Star Trek articles with comments,Q4167836,Wikimedia category
Q8810524,Category:Star Trek reference books,Q4167836,Wikimedia category
Q8810526,Category:Star Trek spacecraft images,Q4167836,Wikimedia category
Q8810531,Category:Star Trek stubs,Q4167836,Wikimedia category
Q8810534,Category:Star Trek time travel episodes,Q4167836,Wikimedia category
Q8810535,Category:Star Trek user templates,Q4167836,Wikimedia category
Q8818799,Category:Strategy games based on Star Trek,Q4167836,Wikimedia category
Q8857321,Category:Top-importance Star Trek articles,Q4167836,Wikimedia category
Q8862082,Category:Unassessed Star Trek articles,Q4167836,Wikimedia category
Q8886949,Category:Unknown-importance Star Trek articles,Q4167836,Wikimedia category
Q8945712,Category:Wikipedians who like Star Trek: Deep Space Nine,Q4167836,Wikimedia category
Q8945715,Category:Wikipedians who like Star Trek: The Animated Series,Q4167836,Wikimedia category
Q8945718,Category:Wikipedians who like Star Trek: Voyager,Q4167836,Wikimedia category
Q8945720,Category:Wikipedians who like Star Trek: The Original Series,Q4167836,Wikimedia category
Q9033806,,Q4167836,Wikimedia category
Q9590413,,Q4167836,Wikimedia category
Q9652419,,Q4167836,Wikimedia category
Q10361338,Rightful Heir,Q1983062,episode
Q10425694,,Q13406463,Wikimedia list article
Q10425828,list of Star Trek: Voyager characters,Q13406463,Wikimedia list article
Q10733327,,Q11266439,Wikimedia template
Q10733624,Template:Star Trek recurring characters,Q11266439,Wikimedia template
Q10805560,Template:Infobox Star Trek episode,Q11266439,Wikimedia template
Q12720918,Arex Na Eth,Q95074,fictional character
Q12765388,,Q4167410,Wikimedia disambiguation page
Q13115900,Initiations,Q1983062,episode
Q13346036,,Q4167836,Wikimedia category
Q13495940,Template:Star Trek starships,Q11266439,Wikimedia template
Q13576156,Deneb IV,Q2775969,fictional planet
Q14411041,Template:Star Trek DS9 S1,Q11266439,Wikimedia template
Q14411044,Template:Star Trek DS9 S4,Q11266439,Wikimedia template
Q14414008,Tolian Soran,Q95074,fictional character
Q14414302,Dabo,Q15416,television program
Q14476529,The Q and the Grey,Q1983062,episode
Q14828790,Alpha Quadrant,Q727596,Galactic quadrant
Q14906497,,Q15632617,fictional human
Q15040824,Star Trek: Planet of the Titans,Q11424,film
Q15131926,Pilgrim of Eternity,Q1983062,episode
Q15214212,Category:Star Trek seasons,Q4167836,Wikimedia category
Q15295438,Category:Portal-Class Star Trek articles,Q4167836,Wikimedia category
Q15956876,,Q4167836,Wikimedia category
Q16744119,Silicon Avatar,Q1983062,episode
Q16744121,Hero Worship,Q1983062,episode
Q16744675,Human Error,Q1983062,episode
Q16951220,Star Trek Into Darkness,Q482994,album
Q16968662,Rogue,Q571,book
Q17033450,List of Star Trek: Deep Space Nine cast members,Q13406463,Wikimedia list article
Q17063005,Star Trek: The Animated Series,Q3464665,television season
Q17063041,Star Trek: Typhon Pact,Q571,book
Q17983692,James Doohan,Q17633526,Wikinews article
Q18010743,Prelude to Axanar,Q11424,film
Q19757397,Seska,Q95074,fictional character
Q19758829,Red,Q15632617,fictional human
Q19821394,,Q4167836,Wikimedia category
Q19868099,Star Trek/Planet of the Apes: The Primate Directive,,
Q16290,Star Trek: The Next Generation,Q5398426,television series
Q16351,Leonard McCoy,Q15632617,fictional human
Q16375,character from Star Trek,,
Q20909,The Cage,Q1983062,episode
Q81313,Little Green Men,Q1983062,episode
Q107940,Star Trek: The Motion Picture,Q11424,film
Q156329,Star Trek: Voyager,Q5398426,television series
Q171711,Star Trek Into Darkness,Q11424,film
Q213081,Star Trek,Q11424,film
Q252900,Harry Kim,Q95074,fictional character
Q254463,Star Trek: Armada,Q7889,video game
Q269313,Deadlock,Q1983062,episode
Q383332,El-Aurian,Q15416,television program
Q384569,Geordi La Forge,Q15632617,fictional human
Q465478,Star Trek II: The Wrath of Khan,Q11424,film
Q497320,Horizon,Q1983062,episode
Q498824,Memory Alpha,Q35127,website
Q584232,Star Trek: Klingon,Q7889,video game
Q600142,Shuttlecraft,,
Q601736,The Breach,Q1983062,episode
Q602612,Homefront,Q1983062,episode
Q604559,Star Trek: The Next Generation,Q3464665,television season
Q607489,Montgomery Scott,Q15632617,fictional human
Q619989,The Menagerie,Q1983062,episode
Q622282,The City on the Edge of Forever,Q1983062,episode
Q653011,Q Who,Q1983062,episode
Q662253,Star Trek,Q7889,video game
Q674612,Mirror Universe,Q15416,television program
Q733620,Season 6 of Star Trek: The Next Generation,Q3464665,television season
Q738817,Travis Mayweather,Q95074,fictional character
Q764748,Regeneration,Q1983062,episode
Q785059,The Battle,Q1983062,episode
Q788819,Bajoran,Q1700422,extraterrestrial from Star Trek
Q827164,Star Trek: Of Gods and Men,Q11424,film
Q831478,Star Trek: Bridge Commander,Q7889,video game
Q841534,Dominion,Q19595246,fictional empire
Q845684,USS Enterprise,Q989888,Starship Enterprise
Q855969,B'Elanna Torres,Q95074,fictional character
Q865358,Cause and Effect,Q1983062,episode
Q901789,11001001,Q1983062,episode
Q969464,USS Enterprise,Q989888,Starship Enterprise
Q971746,Homeward,Q1983062,episode
Q978153,Star Trek: The Next Generation,Q3464665,television season
Q987352,Parallax,Q1983062,episode
Q989888,Starship Enterprise,Q18039177,fictional spacecraft class
Q1027770,Gowron,Q95074,fictional character
Q1027888,Paradise Lost,Q1983062,episode
Q1078955,Guinan,Q95074,fictional character
Q1081027,Dax,Q95074,fictional character
Q1107814,Kes,Q95074,fictional character
Q1115005,Star Trek: Elite Force II,Q7889,video game
Q1143426,Star Trek Online,Q7889,video game
Q1185745,The Xindi,Q1983062,episode
Q1187824,Dominion War,,
Q1226311,Emergency Medical Hologram,,
Q1257895,list of Star Trek: The Original Series episodes,Q13406463,Wikimedia list article
Q1329701,Equinox,Q1983062,episode
Q1474668,Star Trek: The Next Generation: Birth of the Federation,Q7889,video game
Q1766193,Star Trek: 25th Anniversary,Q7889,video game
Q1960052,Kira Nerys,Q95074,fictional character
Q1974328,John Harriman,Q95074,fictional character
Q2000355,Wesley Crusher,Q15632617,fictional human
Q2069947,Tasha Yar,Q95074,fictional character
Q2195486,Odo,Q95074,fictional character
Q2256048,,Q95074,fictional character
Q2309926,Desert Crossing,Q1983062,episode
Q2324529,Shadows of P'Jem,Q1983062,episode
Q2361715,Miles O'Brien,Q4167410,Wikimedia disambiguation page
Q2406528,Canamar,Q1983062,episode
Q2435282,Terra Nova,Q1983062,episode
Q2465692,Silent Enemy,Q1983062,episode
Q2600949,Phlox,Q95074,fictional character
Q2653668,Singularity,Q1983062,episode
Q2712069,Sarek,Q95074,fictional character
Q2720471,Two Days and Two Nights,Q1983062,episode
Q2737692,Christine Chapel,Q95074,fictional character
Q2944448,Twilight,Q1983062,episode
Q2959036,Charles Evans,Q15632617,fictional human
Q3016406,Darnell,Q95074,fictional character
Q3078761,Chosen Realm,Q1983062,episode
Q3116071,Green,Q95074,fictional character
Q3141435,Manhunt,Q1983062,episode
Q3231807,The Naked Now,Q1983062,episode
Q3239271,Encounter at Farpoint,Q1983062,episode
Q3275179,Where Silence Has Lease,Q1983062,episode
Q3312529,"Mirror, Mirror",Q1983062,episode
Q3435716,Datalore,Q1983062,episode
Q3441872,Samaritan Snare,Q1983062,episode
Q3444395,Heart of Glory,Q1983062,episode
Q3444400,We'll Always Have Paris,Q1983062,episode
Q3444431,Contagion,Q1983062,episode
Q3444454,Home Soil,Q1983062,episode
Q3444480,Symbiosis,Q1983062,episode
Q3468785,Season 3 of Star Trek: Deep Space Nine,Q3464665,television season
Q3468898,Season 4 of Star Trek: Enterprise,Q3464665,television season
Q3468983,season 5 of Star Trek: The Next Generation,Q3464665,television season
Q3487187,Catspaw,Q1983062,episode
Q3487379,Bread and Circuses,Q1983062,episode
Q3487437,The Alternative Factor,Q1983062,episode
Q3487459,Is There in Truth No Beauty?,Q1983062,episode
Q3487465,Obsession,Q1983062,episode
Q3496615,Masks,Q1983062,episode
Q3496991,Star Trek: The Next Generation,Q7889,video game
Q3497290,The Emissary,Q1983062,episode
Q3499413,The Slaver Weapon,Q1983062,episode
Q3501180,Sturgeon,Q95074,fictional character
Q3507025,Babel,Q1983062,episode
Q3507047,That Which Survives,Q1983062,episode
Q3507079,Turnabout Intruder,Q1983062,episode
Q3507090,A Man Alone,Q1983062,episode
Q3730032,Season 6 of Star Trek: Voyager,Q3464665,television season
Q3825149,Star Trek DAC,Q7889,video game
Q3910681,Star Trek Award,Q618779,award
Q3968318,Star Trek: Starfleet Command III,Q7889,video game
Q3968321,List of minor Apogee Software video games,Q7889,video game
Q4359206,List of lists of Star Trek episodes,Q4167410,Wikimedia disambiguation page
Q4540538,'Til Death Do Us Part,Q1983062,episode
Q4656785,A Fistful of Datas,Q1983062,episode
Q4659524,A Simple Investigation,Q1983062,episode
Q4659809,A Stitch in Time,Q571,book
Q4670734,Abyss,Q571,book
Q4860559,Barge of the Dead,Q1983062,episode
Q4880330,Before and After,Q1983062,episode
Q4917094,Birthright,Q1983062,episode
Q4926755,Blink of an Eye,Q1983062,episode
Q4936845,Body Parts,Q1983062,episode
Q4936885,Body and Soul,Q1983062,episode
Q4942782,Booby Trap,Q1983062,episode
Q4949851,Bound,Q1983062,episode
Q4966112,Bride of Chaotica!,Q1983062,episode
Q4973426,Broken Link,Q1983062,episode
Q5003795,By Inferno's Light,Q1983062,episode
Q5036940,Captive Pursuit,Q1983062,episode
Q5124470,Civil Defense,Q1983062,episode
Q5134744,Cloak,Q571,book
Q5139940,Coda,Q1983062,episode
Q5177009,Counterpoint,Q1983062,episode
Q5178967,Covenant,Q1983062,episode
Q5204631,Season 1 of Star Trek: Deep Space Nine,Q3464665,television season
Q5221200,This Side of Paradise,Q1983062,episode
Q5231126,Family,Q1983062,episode
Q5247250,Death Wish,Q1983062,episode
Q5256286,Demons,Q571,book
Q5283895,Divergence,Q1983062,episode
Q5307890,Drive,Q1983062,episode
Q5312248,Duet,Q1983062,episode
Q5418604,Evolution,Q1983062,episode
Q5419161,Ex Machina,Q571,book
Q5428381,Face of the Enemy,Q1983062,episode
Q5428493,Faces,Q1983062,episode
Q5432663,False Profits,Q1983062,episode
Q5433061,Family Business,Q1983062,episode
Q5447098,Field of Fire,Q1983062,episode
Q5454276,Firstborn,Q1983062,episode
Q5457585,Flashback,Q1983062,episode
Q5518088,Galaxy's Child,Q1983062,episode
Q5681083,Hatchery,Q1983062,episode
Q5692366,Heart of Stone,Q1983062,episode
Q5728854,Template:Star Trek main characters,Q11266439,Wikimedia template
Q5743163,Heroes and Demons,Q1983062,episode
Q5768440,Hippocratic Oath,Q1983062,episode
Q5891806,Hannah Marshall,Q5,human
Q5896757,Honor Among Thieves,Q1983062,episode
Q6011950,In the Cards,Q1983062,episode
Q6046260,Interface,Q1983062,episode
Q6256102,Category:Screenplay writers of Star Trek,Q4167836,Wikimedia category
Q6270441,Ship in a Bottle,Q1983062,episode
Q6273110,The Ambergris Element,Q1983062,episode
Q6296296,Journey's End,Q1983062,episode
Q6297720,Category:Star Trek characters,Q4167836,Wikimedia category
Q6337539,Category:WikiProject Star Trek articles,Q4167836,Wikimedia category
Q6369374,Template:Star Trek TOS S1,Q11266439,Wikimedia template
Q6407763,Killing Time,Q571,book
Q6495479,Latent Image,Q1983062,episode
Q6497384,Vulcan,Q1700422,extraterrestrial from Star Trek
Q6529265,Category:Star Trek: The Next Generation,Q4167836,Wikimedia category
Q6545463,Lifesigns,Q1983062,episode
Q6553367,Lineage,Q1983062,episode
Q6598229,List of Star Trek: New Frontier characters,Q13406463,Wikimedia list article
Q6598232,List of Star Trek: The Original Series writers,Q13406463,Wikimedia list article
Q6598233,List of Star Trek: Voyager cast members,Q13406463,Wikimedia list article
Q6598240,List of Star Trek characters (G–M),Q13406463,Wikimedia list article
Q6598242,List of Star Trek characters (A–F),Q13406463,Wikimedia list article
Q6643955,List of treaties in Star Trek,Q13406463,Wikimedia list article
Q6655128,Live Fast and Prosper,Q1983062,episode
Q6940423,Muse,Q1983062,episode
Q7033484,Night Terrors,Q1983062,episode
Q7046149,Winn Adami,Q95074,fictional character
Q7091827,Once Upon a Planet,Q1983062,episode
Q7111082,Our Man Bashir,Q1983062,episode
Q7162097,Pen Pals,Q4167410,Wikimedia disambiguation page
Q7180525,Phantasms,Q1983062,episode
Q7203395,Playing God,Q1983062,episode
Q7239746,Preemptive Strike,Q1983062,episode
Q7248535,Progress,Q1983062,episode
Q7249457,Projections,Q1983062,episode
Q7301329,Realm of Fear,Q1983062,episode
Q7311060,Relics,Q1983062,episode
Q7317572,Reunion,Q1983062,episode
Q7336981,Rivals,Q1983062,episode
Q7443179,Second Chances,Q1983062,episode
Q7466996,Category:Star Trek: Voyager characters,Q4167836,Wikimedia category
Q7468486,Category:Star Trek sayings,Q4167836,Wikimedia category
Q7490690,Shattered,Q1983062,episode
Q7490705,Shattered Mirror,Q1983062,episode
Q7600955,Star Trek: A Time to...,Q571,book
Q7600959,Star Trek: Borg,Q7889,video game
Q7600962,Star Trek: ConQuest Online,Q7889,video game
Q7600965,Star Trek: Deep Space Nine: Dominion Wars,Q7889,video game
Q7600967,Star Trek: Deep Space Nine Companion,Q571,book
Q7600984,Star Trek: Music from the Motion Picture,Q482994,album
Q7600987,Star Trek: New Worlds,Q7889,video game
Q7600994,Star Trek: Shattered Universe,Q7889,video game
Q7601004,Star Trek: The Kobayashi Alternative,Q7889,video game
Q7601015,Star Trek: The Next Generation,Q7889,video game
Q7601025,Star Trek: Vanguard,Q571,book
Q7601028,Star Trek: Year Four,Q3297186,limited series
Q7601029,Star Trek,Q653928,pinball
Q7601031,Star Trek,Q7889,video game
Q7601033,Star Trek,Q386724,work
Q7601045,Star Trek Memories,Q571,book
Q7601048,Star Trek Star Fleet Technical Manual,Q571,book
Q7620128,Storm Front,Q1983062,episode
Q7633644,Suddenly Human,Q1983062,episode
Q7647180,Survival Instinct,Q1983062,episode
Q7663550,List of Klingon weapons,Q13406463,Wikimedia list article
Q7688450,Tattoo,Q1983062,episode
Q7691829,Tears of the Prophets,Q1983062,episode
Q7712702,The Adversary,Q1983062,episode
Q7722230,The Chase,Q1983062,episode
Q7725046,Category:Star Trek locations,Q4167836,Wikimedia category
Q7725051,Category:Vulcans,Q4167836,Wikimedia category
Q7729055,The Darkness and the Light,Q1983062,episode
Q7731917,The Emperor's New Cloak,Q1983062,episode
Q7732922,The Eye of the Beholder,Q1983062,episode
Q7733795,The Fight,Q1983062,episode
Q7736403,The Gift,Q1983062,episode
Q7739036,The Haunting of Deck Twelve,Q1983062,episode
Q7741973,The Infinite Vulcan,Q1983062,episode
Q7744356,The Killing Game,Q1983062,episode
Q7748494,The Lorelei Signal,Q1983062,episode
Q7748511,The Loss,Q1983062,episode
Q7749553,The Magicks of Megas-tu,Q1983062,episode
Q7749576,The Magnificent Ferengi,Q1983062,episode
Q7750266,The Maquis,Q1983062,episode
Q7759084,The Quickening,Q1983062,episode
Q7760733,The Rift,Q571,book
Q7765426,The Sound of Her Voice,Q1983062,episode
Q7773066,The Void,Q1983062,episode
Q7776238,The Wounded,Q1983062,episode
Q7784253,Thin Air,Q571,book
Q7793556,Thomas Riker,Q95074,fictional character
Q7807780,Tin Man,Q1983062,episode
Q7834056,Transfigurations,Q1983062,episode
Q7837949,Trek to Madworld,Q571,book
Q7840052,Triangle,Q571,book
Q7847507,True Q,Q1983062,episode
Q7884883,Unification,Q1983062,episode
Q7941907,Vortex,Q1983062,episode
Q7943448,Vulcan!,Q571,book
Q7991486,What You Leave Behind,Q1983062,episode
Q7992626,When It Rains…,Q1983062,episode
Q7993981,Whispers,Q1983062,episode
Q7997343,Who Mourns for Morn?,Q1983062,episode
Q7997416,Who Watches the Watchers,Q1983062,episode
Q8037123,Worst Case Scenario,Q1983062,episode
Q8038644,Wrongs Darker Than Death or Night,Q1983062,episode
Q8050895,Year of Hell,Q1983062,episode
Q8057703,You are Cordially Invited...,Q1983062,episode
Q8069524,Zero Hour,Q1983062,episode
Q8216712,Category:Video games based on Star Trek,Q4167836,Wikimedia category
Q8284128,Category:B-Class Star Trek articles,Q4167836,Wikimedia category
Q8304645,Template:Star Trek: The Next Generation,Q11266439,Wikimedia template
Q8304790,Template:Star Trek: Deep Space Nine,Q11266439,Wikimedia template
Q8304851,Template:Star Trek: Enterprise,Q11266439,Wikimedia template
Q8306008,Category:Books about Star Trek,Q4167836,Wikimedia category
Q8643190,Category:Redirect-Class Star Trek articles,Q4167836,Wikimedia category
Q8652216,Category:Music based on Star Trek,Q4167836,Wikimedia category
Q8657843,Category:NA-Class Star Trek articles,Q4167836,Wikimedia category
Q8717377,Category:Parodies of Star Trek,Q4167836,Wikimedia category
Q8725725,Category:Wikipedians who like Star Trek,Q4167836,Wikimedia category
Q8796943,Category:Project-Class Star Trek articles,Q4167836,Wikimedia category
Q8810439,Category:Star Trek: Deep Space Nine characters,Q4167836,Wikimedia category
Q8810447,Category:Star Trek: Enterprise characters,Q4167836,Wikimedia category
Q8810449,Category:Star Trek: Enterprise episodes,Q4167836,Wikimedia category
Q8810450,Category:Star Trek: Enterprise images,Q4167836,Wikimedia category
Q8810456,Category:Star Trek: Phase II,Q4167836,Wikimedia category
Q8810458,Category:Star Trek: Phase II characters,Q4167836,Wikimedia category
Q8810459,Category:Star Trek: The Animated Series,Q4167836,Wikimedia category
Q8810460,Category:Star Trek: The Animated Series characters,Q4167836,Wikimedia category
Q8810462,Category:Star Trek: The Animated Series images,Q4167836,Wikimedia category
Q8810474,Category:Star Trek: Vanguard novels,Q4167836,Wikimedia category
Q8810482,Category:Star Trek (film franchise) images,Q4167836,Wikimedia category
Q8810486,Category:Star Trek articles by importance,Q4167836,Wikimedia category
Q8810499,Category:Star Trek episode stubs,Q4167836,Wikimedia category
Q8810502,Category:Star Trek fandom,Q4167836,Wikimedia category
Q8810505,Category:Star Trek hybrids,Q4167836,Wikimedia category
Q8810507,Category:Star Trek images,Q4167836,Wikimedia category
Q8810533,Category:Star Trek terminology,Q4167836,Wikimedia category
Q8821867,Category:Stub-Class Star Trek articles,Q4167836,Wikimedia category
Q8950625,Category:Works about Star Trek,Q4167836,Wikimedia category
Q8950948,Category:Works based on Star Trek,Q4167836,Wikimedia category
Q9260721,,Q4167836,Wikimedia category
Q9279351,,Q4167836,Wikimedia category
Q9318144,,Q4167836,Wikimedia category
Q9435566,,Q4167836,Wikimedia category
Q9490600,,Q4167836,Wikimedia category
Q9530305,,Q4167836,Wikimedia category
Q9538024,,Q4167836,Wikimedia category
Q9589385,,Q4167836,Wikimedia category
Q9614176,,Q4167836,Wikimedia category
Q9918914,,Q4167836,Wikimedia category
Q10167361,,Q4167836,Wikimedia category
Q10546277,,Q15416,television program
Q10733301,,Q11266439,Wikimedia template
Q10798993,Template:Timeline of Star Trek franchise,Q11266439,Wikimedia template
Q10810819,,Q11266439,Wikimedia template
Q11590797,Theme from Star Trek,,
Q11707299,Template:WikiProject Star Trek,Q11266439,Wikimedia template
Q12036362,Melora,Q1983062,episode
Q12041492,Necessary Evil,Q1983062,episode
Q12053688,,Q13406463,Wikimedia list article
Q12059643,Tribunal,Q1983062,episode
Q12480214,,Q13406463,Wikimedia list article
Q12480511,,Q13406463,Wikimedia list article
Q13363580,,Q11266439,Wikimedia template
Q13479268,Ashes to Ashes,Q1983062,episode
Q13517482,,Q4167836,Wikimedia category
Q14334877,Template:StarTrek-stub,Q11266439,Wikimedia template
Q14411054,Template:Star Trek TNG S6,Q11266439,Wikimedia template
Q14411676,Template:Star Trek TOS S3,Q11266439,Wikimedia template
Q14643756,Think tank,Q1983062,episode
Q14905972,,Q95074,fictional character
Q14907144,,Q95074,fictional character
Q15034077,The Kobayashi Maru (1989 novel),Q571,book
Q15214214,Category:Star Trek character redirects to lists,Q4167836,Wikimedia category
Q16248700,Star Trek Generations: Beyond the Nexus,Q7889,video game
Q16744016,Countdown (Star Trek: Enterprise),Q1983062,episode
Q16744084,Inter Arma Enim Silent Leges,Q1983062,episode
Q16744120,New Ground,Q1983062,episode
Q16744156,Image in the Sand,Q1983062,episode
Q16744188,Favor the Bold,Q1983062,episode
Q16951227,Star Trek: Nemesis,Q482994,album
Q17063010,Star Trek: The Animated Series,Q3464665,television season
Q17063025,Star Trek: The Q Continuum,Q571,book
Q18152780,Mosaic,Q571,book
Q18562925,User:UBX/Star Trek,Q11266439,Wikimedia template
Q18615119,Star Trek into Darkness,Q838795,comic strip
Q18708862,List of Star Trek: Excelsior episodes,Q13406463,Wikimedia list article
Q18907331,,Q4167836,Wikimedia category
Q19363508,Actor of Mr. Spock died,Q17633526,Wikinews article
Q19800516,Template:User WikiProject Star Trek,Q11266439,Wikimedia template
Q19821393,,Q4167836,Wikimedia category
Q19958316,Tal Celes,Q6619679,fictional humanoid
Q20023116,Star Trek Beyond,Q11424,film
Q1077,Star Trek: The Original Series,Q5398426,television series
Q15857,Q,Q95074,fictional character
Q16311,James T. Kirk,Q15632617,fictional human
Q16341,Spock,Q95074,fictional character
Q20074,Enterprise,Q989888,Starship Enterprise
Q20912,The Galileo Seven,Q1983062,episode
Q20922,Star Trek: The Animated Series,Q5398426,television series
Q22954,Dukat,Q95074,fictional character
Q22971,Elim Garak,Q95074,fictional character
Q22983,Data,Q95074,fictional character
Q81397,warp drive,Q1055307,fictional technology
Q95156,Star Trek: Countdown,Q3297186,limited series
Q95157,Star Trek: Nero,Q3297186,limited series
Q156795,7307 Takei,Q3863,asteroid
Q186143,Timeline of Star Trek,Q186117,timeline
Q191716,Gene Roddenberry,Q5,human
Q204043,teleportation,,
Q229398,three-dimensional chess,Q299191,chess variant
Q262983,Klingon Language Institute,Q43229,organization
Q268082,Romulan,Q1700422,extraterrestrial from Star Trek
Q366012,Avery Brooks,Q5,human
Q428500,Genesis,Q1983062,episode
Q452288,Jeffrey Combs,Q5,human
Q461787,Season 6 of Star Trek: Deep Space Nine,Q3464665,television season
Q511593,Lessons,Q1983062,episode
Q541692,Trill,Q1700422,extraterrestrial from Star Trek
Q579757,Star Trek VI: The Undiscovered Country,Q11424,film
Q607452,Saavik,Q95074,fictional character
Q612625,Christopher Pike,Q95074,fictional character
Q644743,Marauders,Q1983062,episode
Q652985,Transporter,Q15416,television program
Q652999,The Big Goodbye,Q1983062,episode
Q661255,Phage,Q1983062,episode
Q721520,Bolian,Q15416,television program
Q721681,USS Enterprise,Q989888,Starship Enterprise
Q723679,Star Trek: Generations,Q11424,film
Q727596,Galactic quadrant,Q15416,television program
Q762939,Shuttlepod One,Q1983062,episode
Q834003,USS Enterprise,Q989888,Starship Enterprise
Q838071,Cardassian,Q1700422,extraterrestrial from Star Trek
Q860266,Trip Tucker,Q95074,fictional character
Q866375,"In a Mirror, Darkly",Q1983062,episode
Q914249,list of Star Trek: Deep Space Nine episodes,Q13406463,Wikimedia list article
Q924827,Human species in Star Trek,Q15707583,fictional taxon
Q932633,Changeling,Q15416,television program
Q936657,Star Trek: Starfleet Command,Q7889,video game
Q974108,Court Martial,Q1983062,episode
Q1005907,Earth,Q2775969,fictional planet
Q1055776,Hoshi Sato,Q95074,fictional character
Q1079146,Noonien Soong,Q95074,fictional character
Q1088708,Vulcan,Q2775969,fictional planet
Q1098625,Icheb,Q95074,fictional character
Q1137046,Star Trek: The Next Generation episode,Q13406463,Wikimedia list article
Q1141170,Chain of Command,Q1983062,episode
Q1165846,Star Trek: Klingon Academy,Q7889,video game
Q1166091,Martok,Q95074,fictional character
Q1187077,The Corbomite Maneuver,Q1983062,episode
Q1193198,USS Enterprise,Q989888,Starship Enterprise
Q1243582,Qo'noS,Q2775969,fictional planet
Q1291271,list of Star Trek video games,Q13406463,Wikimedia list article
Q1322354,Tom Paris,Q15632617,fictional human
Q1412389,Alyssa Ogawa,Q15632617,fictional human
Q1412961,Trekkie,Q15416,television program
Q1461062,,Q15416,television program
Q1568510,Number One,Q95074,fictional character
Q1700422,extraterrestrial from Star Trek,Q13406463,Wikimedia list article
Q1749614,Sela,Q6619679,fictional humanoid
Q1785055,Star Trek novels,Q13406463,Wikimedia list article
Q1882443,Julian Bashir,Q95074,fictional character
Q1911424,Star Trek: Dark Armada,Q15416,television program
Q1935547,Minefield,Q1983062,episode
Q1973469,Strange New World,Q1983062,episode
Q1974429,Fight or Flight,Q1983062,episode
Q1994530,Daedalus,Q1983062,episode
Q2033473,Kobayashi Maru,,
Q2121683,Caretaker,Q1983062,episode
Q2134825,Detained,Q1983062,episode
Q2158401,Trials and Tribble-ations,Q1983062,episode
Q2264987,Surak,Q6619679,fictional humanoid
Q2360335,Vox Sola,Q1983062,episode
Q2364567,Civilization,Q1983062,episode
Q2473641,Quark,Q95074,fictional character
Q2517411,Star Trek: Voyager – Elite Force,Q7889,video game
Q2524188,Breaking the Ice,Q1983062,episode
Q2609295,Lore,Q95074,fictional character
Q2620129,The Communicator,Q1983062,episode
Q2629417,Broken Bow,Q1983062,episode
Q2664096,Mudd's Women,Q1983062,episode
Q2704591,Cease Fire,Q1983062,episode
Q2779810,,Q95074,fictional character
Q2785404,Vanishing Point,Q1983062,episode
Q2786172,Romulus,Q2775969,fictional planet
Q2811418,The Shipment,Q1983062,episode
Q2843483,Judgment,Q1983062,episode
Q2890937,The Visitor,Q1983062,episode
Q2891237,Rejoined,Q1983062,episode
Q2936269,Future Tense,Q1983062,episode
Q3018316,Similitude,Q1983062,episode
Q3107459,Dagger of the Mind,Q1983062,episode
Q3160645,Jake Sisko,Q95074,fictional character
Q3173451,Lwaxana Troi,Q95074,fictional character
Q3177733,Proving Ground,Q1983062,episode
Q3205380,Harbinger,Q1983062,episode
Q3231770,Code of Honor,Q1983062,episode
Q3231778,Haven,Q1983062,episode
Q3231803,Angel One,Q1983062,episode
Q3232629,The Last Outpost,Q1983062,episode
Q3272694,The Survivors,Q1983062,episode
Q3375978,Secondary characters of Star Trek,Q13406463,Wikimedia list article
Q3435679,Too Short a Season,Q1983062,episode
Q3435829,The Arsenal of Freedom,Q1983062,episode
Q3436313,Justice,Q1983062,episode
Q3441800,The Icarus Factor,Q1983062,episode
Q3441829,Up the Long Ladder,Q1983062,episode
Q3444444,The Dauphin,Q1983062,episode
Q3465790,Season 1 of Star Trek: Enterprise,Q3464665,television season
Q3468580,Season 2 of Star Trek: Deep Space Nine,Q3464665,television season
Q3468788,season 3 of Star Trek: Voyager,Q3464665,television season
Q3468897,Season 4 of Star Trek: Deep Space Nine,Q3464665,television season
Q3487183,And the Children Shall Lead,Q1983062,episode
Q3487393,Metamorphosis,Q1983062,episode
Q3487403,Who Mourns for Adonais?,Q1983062,episode
Q3487442,Operation: Annihilate!,Q1983062,episode
Q3487448,Whom Gods Destroy,Q1983062,episode
Q3487454,A Piece of the Action,Q1983062,episode
Q3487477,Return to Tomorrow,Q1983062,episode
Q3487489,The Paradise Syndrome,Q1983062,episode
Q3488424,"I, Mudd",Q1983062,episode
Q3488463,The Gamesters of Triskelion,Q1983062,episode
Q3488489,The Enterprise Incident,Q1983062,episode
Q3488828,The Apple,Q1983062,episode
Q3494387,Dead Stop,Q1983062,episode
Q3496852,The Price,Q1983062,episode
Q3496996,Star Trek: Hidden Evil,Q7889,video game
Q3499484,Peter Duryea,Q5,human
Q3506742,All Our Yesterdays,Q1983062,episode
Q3511648,Scorpion,Q1983062,episode
Q3544187,Precious Cargo,Q1983062,episode
Q3575367,Species of Star Trek: Voyager,Q15416,television program
Q3730022,season 5 of Star Trek: Deep Space Nine,Q3464665,television season
Q3730026,Season 7 of Star Trek: Deep Space Nine,Q3464665,television season
Q3730029,season 4 of Star Trek: Voyager,Q3464665,television season
Q3730034,Season 2 Star Trek episodes,Q3464665,television season
Q3730036,Season 1 of Star Trek,Q3464665,television season
Q3776617,USS Reliant NCC-1864,Q14637321,fictional spacecraft
Q3900473,List of minor recurring characters in Star Trek: Voyager,Q13406463,Wikimedia list article
Q3968322,Star Trekkin',Q134556,single
Q4486161,The Thaw,Q1983062,episode
Q4658162,A Matter of Perspective,Q1983062,episode
Q4672505,Accession,Q1983062,episode
Q4709451,Albatross,Q1983062,episode
Q4792566,Armageddon Game,Q1983062,episode
Q4825905,"Author, Author",Q1983062,episode
Q4880799,Behind Enemy Lines,Q571,book
Q4884981,Bem,Q1983062,episode
Q4898202,Betrayal,Q571,book
Q4900128,Beyond the Farthest Star,Q1983062,episode
Q5021681,Call to Arms,Q1983062,episode
Q5071858,Change of Heart,Q1983062,episode
Q5099345,Chimera,Q1983062,episode
Q5114390,Chrysalis,Q1983062,episode
Q5136591,Clues,Q1983062,episode
Q5142258,Cold Fire,Q1983062,episode
Q5158470,Concerning Flight,Q1983062,episode
Q5178161,Course: Oblivion,Q1983062,episode
Q5186601,Critical Care,Q1983062,episode
Q5221208,Arena,Q1983062,episode
Q5223237,Dark Frontier,Q1983062,episode
Q5256188,Demon,Q1983062,episode
Q5267117,Devil's Due,Q1983062,episode
Q5281321,Disaster,Q1983062,episode
Q5282602,Displaced,Q1983062,episode
Q5287295,"Doctor Bashir, I Presume?",Q1983062,episode
Q5299565,"Double, Double",Q571,book
Q5305772,Dramatis Personae,Q1983062,episode
Q5384474,Equilibrium,Q1983062,episode
Q5385821,Star Trek: Starfleet Academy,Q7889,video game
Q5422355,Extreme Measures,Q1983062,episode
Q5422369,Extreme Risk,Q1983062,episode
Q5422700,Eye of the Needle,Q1983062,episode
Q5423474,E²,Q1983062,episode
Q5436666,Fascination,Q1983062,episode
Q5467020,For the Cause,Q1983062,episode
Q5467149,For the Uniform,Q1983062,episode
Q5467482,Force of Nature,Q1983062,episode
Q5477914,Frame of Mind,Q1983062,episode
Q5504409,Friendship One,Q1983062,episode
Q5510689,Future Imperfect,Q1983062,episode
Q5582927,Good Shepherd,Q1983062,episode
Q5586666,Gorn,Q1700422,extraterrestrial from Star Trek
Q5598039,Gravity,Q1983062,episode
Q5655423,Hard Time,Q1983062,episode
Q5890492,Homestead,Q1983062,episode
Q5899622,Hope and Fear,Q1983062,episode
Q5944738,Hunters,Q1983062,episode
Q5988287,Identity Crisis,Q1983062,episode
Q5990802,If Wishes Were Horses,Q1983062,episode
Q6010920,In Theory,Q1983062,episode
Q6025158,Indiscretion,Q1983062,episode
Q6033783,Inheritance,Q1983062,episode
Q6036887,Inquisition,Q1983062,episode
Q6059765,Invasive Procedures,Q1983062,episode
Q6134409,Template:Star Trek,Q11266439,Wikimedia template
Q6255958,Category:Star Trek wars and battles,Q4167836,Wikimedia category
Q6421043,Klingon High Council,Q15238535,fictional government or government body
Q6539456,Liaisons,Q1983062,episode
Q6544922,Life Line,Q1983062,episode
Q6544989,Life Support,Q1983062,episode
Q6598230,List of Star Trek: New Voyages episodes,Q13406463,Wikimedia list article
Q6598231,List of Star Trek: The Next Generation cast members,Q13406463,Wikimedia list article
Q6598234,List of Star Trek animals,Q13406463,Wikimedia list article
Q6598235,List of Star Trek: Voyager novels,Q13406463,Wikimedia list article
Q6598237,List of Star Trek materials,Q13406463,Wikimedia list article
Q6606897,List of awards and nominations received by Star Trek: Deep Space Nine,Q13406463,Wikimedia list article
Q6606898,List of awards and nominations received by Star Trek: The Next Generation,Q13406463,Wikimedia list article
Q6606899,List of awards and nominations received by Star Trek: The Original Series,Q13406463,Wikimedia list article
Q6659370,Living Witness,Q1983062,episode
Q6675418,Looking for par'Mach in All the Wrong Places,Q1983062,episode
Q6748463,Maneuvers,Q1983062,episode
Q6993394,Category:Lists of Star Trek characters,Q4167836,Wikimedia category
Q7033193,Night,Q1983062,episode
Q7033819,Nightingale,Q1983062,episode
Q7049114,Non Sequitur,Q1983062,episode
Q7062763,Nothing Human,Q1983062,episode
Q7091790,Once More Unto the Breach,Q1983062,episode
Q7092819,One Little Ship,Q1983062,episode
Q7135031,Parallels,Q1983062,episode
Q7142921,Past Tense,Q1983062,episode
Q7144754,Pathfinder,Q1983062,episode
Q7165351,Penumbra,Q1983062,episode
Q7201186,Planet X,Q571,book
Q7208476,Category:Star Trek (film franchise),Q4167836,Wikimedia category
Q7247600,Prodigal Daughter,Q1983062,episode
Q7250266,Prophecy,Q1983062,episode
Q7250287,Prophet Motive,Q1983062,episode
Q7291955,Random Thoughts,Q1983062,episode
Q7294386,Rapture,Q1983062,episode
Q7300960,Real Life,Q1983062,episode
Q7301411,Reap the Whirlwind,Q571,book
Q7305751,Redemption,Q1983062,episode
Q7315703,Resolutions,Q1983062,episode
Q7316518,Resurrection,Q1983062,episode
Q7324165,Category:WikiProject Star Trek members,Q4167836,Wikimedia category
Q7358881,list of Star Trek characters (T–Z),Q13406463,Wikimedia list article
Q7359080,List of Star Trek: The Next Generation characters,Q13406463,Wikimedia list article
Q7379022,Rules of Acquisition,Q1983062,episode
Q7379028,Rules of Engagement,Q571,book
Q7379029,Rules of Engagement,Q1983062,episode
Q7414832,list of games in Star Trek,Q13406463,Wikimedia list article
Q7417478,list of Star Trek planets,Q13406463,Wikimedia list article
Q7423844,Sarek,Q571,book
Q7431504,Schisms,Q1983062,episode
Q7444704,sector,,
Q7462541,Shakaar,Q1983062,episode
Q7600966,Star Trek: Deep Space Nine: The Fallen,Q7889,video game
Q7600979,Star Trek: Invasion,Q7889,video game
Q7600990,Star Trek: Phaser Strike,Q7889,video game
Q7600991,Star Trek: Secret of Vulcan Fury,Q7889,video game
Q7600995,Star Trek: Starfleet Academy,Q3297186,limited series
Q7601003,Star Trek: The Exhibition,,
Q7601006,Star Trek: The Magazine,Q41298,magazine
Q7601008,Star Trek: The New Voyages,Q571,book
Q7601009,Star Trek: The New Voyages 2,Q571,book
Q7601022,Star Trek: The Next Generation – A Final Unity,Q7889,video game
Q7601032,Star Trek,Q1114502,American comic book
Q7601035,Star Trek,Q571,book
Q7601037,Star Trek,Q7889,video game
Q7601047,Star Trek Spaceflight Chronology,Q571,book
Q7621339,Strange Bedfellows,Q1983062,episode
Q7623965,String Theory,Q571,book
Q7673930,Tacking into the Wind,Q1983062,episode
Q7684563,Tapestry,Q1983062,episode
Q7713246,The Alternate,Q1983062,episode
Q7714891,The Augments,Q1983062,episode
Q7716357,The Begotten,Q1983062,episode
Q7722096,The Changing Face of Evil,Q1983062,episode
Q7723031,The Chute,Q1983062,episode
Q7725044,Category:Star Trek spacecraft,Q4167836,Wikimedia category
Q7729572,The Defector,Q1983062,episode
Q7730545,The Dogs of War,Q1983062,episode
Q7732182,The Enemy,Q1983062,episode
Q7732278,The Ensigns of Command,Q1983062,episode
Q7740379,The Host,Q1983062,episode
Q7743099,The Jem'Hadar,Q1983062,episode
Q7753998,The Next Phase,Q1983062,episode
Q7756243,The Passenger,Q1983062,episode
Q7756695,The Perfect Mate,Q1983062,episode
Q7757988,The Practical Joker,Q1983062,episode
Q7759503,The Raven,Q1983062,episode
Q7759792,The Reckoning,Q1983062,episode
Q7762826,The Search,Q1983062,episode
Q7764119,The Siege of AR-558,Q1983062,episode
Q7766854,The Storyteller,Q1983062,episode
Q7767549,The Survivor,Q1983062,episode
Q7769334,The Time Trap,Q1983062,episode
Q7773920,The Way of the Warrior,Q1983062,episode
Q7784320,Thine Own Self,Q1983062,episode
Q7785215,Thirty Days,Q1983062,episode
Q7798467,Through the Looking Glass,Q1983062,episode
Q7804770,Time's Arrow,Q1983062,episode
Q7805539,Timeless,Q1983062,episode
Q7836540,"Treachery, Faith, and the Great River",Q1983062,episode
Q7887305,United,Q1983062,episode
Q7893741,Unity,Q1983062,episode
Q7933105,Violations,Q1983062,episode
Q7969397,Warhead,Q1983062,episode
Q7969525,Warlord,Q1983062,episode
Q8034838,Workforce,Q1983062,episode
Q8078964,Ömer the Tourist in Star Trek,Q11424,film
Q8209008,Portal:Star Trek,Q4663903,Wikimedia portal
Q8305078,Template:Star Trek: Voyager,Q11266439,Wikimedia template
Q8306218,Category:Books based on Star Trek,Q4167836,Wikimedia category
Q8348948,Category:Category-Class Star Trek articles,Q4167836,Wikimedia category
Q8378916,Category:Disambig-Class Star Trek articles,Q4167836,Wikimedia category
Q8386156,Category:Documentary films about Star Trek,Q4167836,Wikimedia category
Q8510884,Category:High-importance Star Trek articles,Q4167836,Wikimedia category
Q8717389,Category:Parody films based on Star Trek,Q4167836,Wikimedia category
Q8763000,Category:Pinball machines based on Star Trek,Q4167836,Wikimedia category
Q8810446,Category:Star Trek: Enterprise,Q4167836,Wikimedia category
Q8810463,Category:Star Trek: The Next Generation characters,Q4167836,Wikimedia category
Q8810472,Category:Star Trek: The Original Series images,Q4167836,Wikimedia category
Q8810477,Category:Star Trek: Voyager images,Q4167836,Wikimedia category
Q8810483,Category:Star Trek (film franchise) posters,Q4167836,Wikimedia category
Q8810485,Category:Star Trek alien characters,Q4167836,Wikimedia category
Q8810490,Category:Star Trek articles that need to differentiate between fact and fiction,Q4167836,Wikimedia category
Q8810495,Category:Star Trek comics images,Q4167836,Wikimedia category
Q8810497,Category:Star Trek episode lists,Q4167836,Wikimedia category
Q8810500,Category:Star Trek fan fiction,Q4167836,Wikimedia category
Q8810512,Category:Star Trek novel covers,Q4167836,Wikimedia category
Q8810513,Category:Star Trek novel stubs,Q4167836,Wikimedia category
Q8810519,Category:Star Trek planets,Q4167836,Wikimedia category
Q8810532,Category:Star Trek television series,Q4167836,Wikimedia category
Q8810751,Category:Starship simulators based on Star Trek,Q4167836,Wikimedia category
Q8897555,Category:Video games based on Star Trek: The Next Generation,Q4167836,Wikimedia category
Q8897556,Category:Video games based on Star Trek: The Original Series,Q4167836,Wikimedia category
Q8897558,Category:Video games based on Star Trek (film franchise),Q4167836,Wikimedia category
Q9308102,,Q4167836,Wikimedia category
Q10072010,,Q4167836,Wikimedia category
Q10810884,,Q11266439,Wikimedia template
Q10810896,,Q11266439,Wikimedia template
Q10810906,,Q11266439,Wikimedia template
Q10857017,In the Flesh,Q1983062,episode
Q10861987,Klingon Empire,Q19595246,fictional empire
Q11729803,The Terratin Incident,Q1983062,episode
Q11756023,Wikipedia:WikiProject Star Trek,Q4234303,WikiProject
Q11774134,"More Tribbles, More Troubles",Q1983062,episode
Q11950706,T'Pau,Q95074,fictional character
Q12036402,Meridian,Q1983062,episode
Q12295040,,Q4167410,Wikimedia disambiguation page
Q12480289,,Q13406463,Wikimedia list article
Q13269507,Category:Low-importance Star Trek articles,Q4167836,Wikimedia category
Q13346037,Category:Seasons of Star Trek: Voyager,Q4167836,Wikimedia category
Q13411729,Template:Star Trek ships named Enterprise,Q11266439,Wikimedia template
Q14296686,Nero,Q95074,fictional character
Q14330372,Template:Star Trek film crew,Q11266439,Wikimedia template
Q14402822,Template:Star Trek TNG S1,Q11266439,Wikimedia template
Q14411042,Template:Star Trek DS9 S2,Q11266439,Wikimedia template
Q14411043,Template:Star Trek DS9 S3,Q11266439,Wikimedia template
Q14411045,Template:Star Trek DS9 S5,Q11266439,Wikimedia template
Q14411047,Template:Star Trek DS9 S6,Q11266439,Wikimedia template
Q14411051,Template:Star Trek TNG S4,Q11266439,Wikimedia template
Q14411052,Template:Star Trek TNG S5,Q11266439,Wikimedia template
Q14906907,,Q95074,fictional character
Q15103551,V.E. Mitchell,Q5,human
Q15365841,Category:Star Trek element redirects to lists,Q4167836,Wikimedia category
Q15732184,Daniels,Q95074,fictional character
Q15850703,,Q11424,film
Q16608551,,Q4167410,Wikimedia disambiguation page
Q16744043,Juggernaut,Q1983062,episode
Q16744066,Infinite Regress,Q1983062,episode
Q16951231,Star Trek: New Earth,Q571,book
Q16992631,List of Star Trek starships named USS Enterprise,Q13406463,Wikimedia list article
Q17654944,"Majel Barrett-Roddenberry, wife of 'Star Trek' creator dies of cancer at 76",Q17633526,Wikinews article
Q17876836,,Q17633526,Wikinews article
Q18154557,Star Trek: Khan,Q3297186,limited series
Q18173397,,Q15632617,fictional human
Q18533645,spacecraft in Star Trek,,
Q18754912,List of Star Trek: The Original Series cast members,Q13406463,Wikimedia list article
Q18998790,,Q11266439,Wikimedia template
Q19767686,Template:Star Trek films,Q11266439,Wikimedia template
